code,name,product_type,effective_from,effective_to,source,quality
159901,深证100ETF易方达,ETF,2006-04-24,,initial_current_pool_backfill,partial_survivorship_bias
159902,中小100ETF华夏,ETF,2006-09-05,,initial_current_pool_backfill,partial_survivorship_bias
510010,180治理ETF交银,ETF,2009-12-15,,initial_current_pool_backfill,partial_survivorship_bias
510020,超大盘ETF博时,ETF,2010-03-19,,initial_current_pool_backfill,partial_survivorship_bias
510130,上证中盘ETF易方达,ETF,2010-06-23,,initial_current_pool_backfill,partial_survivorship_bias
510160,产业升级ETF南方,ETF,2010-11-01,,initial_current_pool_backfill,partial_survivorship_bias
159906,深成长ETF大成,ETF,2011-02-23,,initial_current_pool_backfill,partial_survivorship_bias
159907,国证2000ETF广发,ETF,2011-08-10,,initial_current_pool_backfill,partial_survivorship_bias
159912,深300ETF汇添富,ETF,2011-11-24,,initial_current_pool_backfill,partial_survivorship_bias
159915,创业板ETF易方达,ETF,2011-12-09,,initial_current_pool_backfill,partial_survivorship_bias
159918,中创400ETF嘉实,ETF,2012-05-11,,initial_current_pool_backfill,partial_survivorship_bias
159919,沪深300ETF嘉实,ETF,2012-05-28,,initial_current_pool_backfill,partial_survivorship_bias
510300,沪深300ETF华泰柏瑞,ETF,2012-05-28,,initial_current_pool_backfill,partial_survivorship_bias
511880,银华日利ETF,ETF,2013-04-18,,initial_current_pool_backfill,partial_survivorship_bias
159928,消费ETF汇添富,ETF,2013-09-16,,initial_current_pool_backfill,partial_survivorship_bias
159929,医药ETF汇添富,ETF,2013-09-16,,initial_current_pool_backfill,partial_survivorship_bias
159930,能源ETF汇添富,ETF,2013-09-16,,initial_current_pool_backfill,partial_survivorship_bias
159934,黄金ETF易方达,ETF,2013-12-16,,initial_current_pool_backfill,partial_survivorship_bias
511220,城投债ETF海富通,ETF,2014-12-16,,initial_current_pool_backfill,partial_survivorship_bias
513600,恒生指数ETF南方,ETF,2015-01-26,,initial_current_pool_backfill,partial_survivorship_bias
159939,信息技术ETF广发,ETF,2015-02-05,,initial_current_pool_backfill,partial_survivorship_bias
159943,深证成指ETF大成,ETF,2015-07-08,,initial_current_pool_backfill,partial_survivorship_bias
159941,纳指ETF广发,ETF,2015-07-13,,initial_current_pool_backfill,partial_survivorship_bias
512010,医药ETF易方达,ETF,2015-08-04,,initial_current_pool_backfill,partial_survivorship_bias
512070,证券保险ETF易方达,ETF,2015-08-04,,initial_current_pool_backfill,partial_survivorship_bias
512500,中证500ETF华夏,ETF,2015-08-04,,initial_current_pool_backfill,partial_survivorship_bias
161226,国投白银LOF,LOF,2015-08-17,,initial_current_pool_backfill,partial_survivorship_bias
510810,上海国企ETF汇添富,ETF,2016-08-29,,initial_current_pool_backfill,partial_survivorship_bias
161128,标普信息科技LOF,LOF,2017-01-03,,initial_current_pool_backfill,partial_survivorship_bias
512550,富时A50ETF嘉实,ETF,2017-08-07,,initial_current_pool_backfill,partial_survivorship_bias
512400,有色金属ETF南方,ETF,2017-09-01,,initial_current_pool_backfill,partial_survivorship_bias
160644,港美互联网LOF,LOF,2017-12-29,,initial_current_pool_backfill,partial_survivorship_bias
512980,传媒ETF广发,ETF,2018-01-19,,initial_current_pool_backfill,partial_survivorship_bias
512090,MSCIA股ETF易方达,ETF,2018-06-01,,initial_current_pool_backfill,partial_survivorship_bias
512770,战略新兴ETF华夏,ETF,2018-08-16,,initial_current_pool_backfill,partial_survivorship_bias
511270,10年地方债ETF海富通,ETF,2018-11-22,,initial_current_pool_backfill,partial_survivorship_bias
512040,价值100ETF富国,ETF,2018-11-29,,initial_current_pool_backfill,partial_survivorship_bias
512260,中证500低波动ETF华安,ETF,2019-01-11,,initial_current_pool_backfill,partial_survivorship_bias
512950,央企改革ETF华夏,ETF,2019-01-18,,initial_current_pool_backfill,partial_survivorship_bias
159965,央视50ETF国联,ETF,2019-04-24,,initial_current_pool_backfill,partial_survivorship_bias
512480,半导体ETF国联安,ETF,2019-06-12,,initial_current_pool_backfill,partial_survivorship_bias
513520,日经ETF华夏,ETF,2019-06-25,,initial_current_pool_backfill,partial_survivorship_bias
513800,日本东证指数ETF南方,ETF,2019-06-25,,initial_current_pool_backfill,partial_survivorship_bias
512750,基本面50ETF嘉实,ETF,2019-07-05,,initial_current_pool_backfill,partial_survivorship_bias
159967,创业板成长ETF华夏,ETF,2019-07-15,,initial_current_pool_backfill,partial_survivorship_bias
159973,民企ETF弘毅远方,ETF,2019-08-09,,initial_current_pool_backfill,partial_survivorship_bias
512720,计算机ETF华宝,ETF,2019-08-16,,initial_current_pool_backfill,partial_survivorship_bias
512710,军工龙头ETF富国,ETF,2019-08-26,,initial_current_pool_backfill,partial_survivorship_bias
515880,通信ETF国泰,ETF,2019-09-06,,initial_current_pool_backfill,partial_survivorship_bias
512190,浙商之江凤凰ETF,ETF,2019-09-09,,initial_current_pool_backfill,partial_survivorship_bias
515860,科技ETF嘉实,ETF,2019-10-22,,initial_current_pool_backfill,partial_survivorship_bias
512650,长三角ETF汇添富,ETF,2019-10-25,,initial_current_pool_backfill,partial_survivorship_bias
512970,大湾区ETF平安,ETF,2019-11-11,,initial_current_pool_backfill,partial_survivorship_bias
515200,创新100ETF申万菱信,ETF,2019-11-15,,initial_current_pool_backfill,partial_survivorship_bias
159985,豆粕ETF华夏,ETF,2019-12-05,,initial_current_pool_backfill,partial_survivorship_bias
515800,中证800ETF汇添富,ETF,2019-12-16,,initial_current_pool_backfill,partial_survivorship_bias
515180,红利ETF易方达,ETF,2019-12-20,,initial_current_pool_backfill,partial_survivorship_bias
159980,有色ETF大成,ETF,2019-12-24,,initial_current_pool_backfill,partial_survivorship_bias
515060,房地产ETF华夏,ETF,2020-01-03,,initial_current_pool_backfill,partial_survivorship_bias
515110,一带一路ETF易方达,ETF,2020-01-15,,initial_current_pool_backfill,partial_survivorship_bias
159976,湾创ETF工银,ETF,2020-01-17,,initial_current_pool_backfill,partial_survivorship_bias
159981,能源化工ETF建信,ETF,2020-01-17,,initial_current_pool_backfill,partial_survivorship_bias
515590,500等权ETF前海开源,ETF,2020-01-20,,initial_current_pool_backfill,partial_survivorship_bias
515090,可持续发展ETF博时,ETF,2020-02-20,,initial_current_pool_backfill,partial_survivorship_bias
515210,钢铁ETF国泰,ETF,2020-03-02,,initial_current_pool_backfill,partial_survivorship_bias
515220,煤炭ETF国泰,ETF,2020-03-02,,initial_current_pool_backfill,partial_survivorship_bias
515030,新能源车ETF华夏,ETF,2020-03-04,,initial_current_pool_backfill,partial_survivorship_bias
159996,家电ETF国泰,ETF,2020-03-16,,initial_current_pool_backfill,partial_survivorship_bias
159807,科技ETF易方达,ETF,2020-03-30,,initial_current_pool_backfill,partial_survivorship_bias
159804,创中盘88ETF国寿,ETF,2020-03-31,,initial_current_pool_backfill,partial_survivorship_bias
511380,可转债ETF博时,ETF,2020-04-07,,initial_current_pool_backfill,partial_survivorship_bias
515960,医药ETF嘉实,ETF,2020-06-10,,initial_current_pool_backfill,partial_survivorship_bias
513080,法国ETF华安,ETF,2020-06-12,,initial_current_pool_backfill,partial_survivorship_bias
159814,创业大盘ETF西部利得,ETF,2020-07-17,,initial_current_pool_backfill,partial_survivorship_bias
511360,短融ETF海富通,ETF,2020-09-25,,initial_current_pool_backfill,partial_survivorship_bias
515760,浙江国资ETF华夏,ETF,2020-10-12,,initial_current_pool_backfill,partial_survivorship_bias
588080,科创50ETF易方达,ETF,2020-11-16,,initial_current_pool_backfill,partial_survivorship_bias
159825,农业ETF富国,ETF,2020-12-29,,initial_current_pool_backfill,partial_survivorship_bias
515120,创新药ETF广发,ETF,2021-01-04,,initial_current_pool_backfill,partial_survivorship_bias
515170,食品饮料ETF华夏,ETF,2021-01-13,,initial_current_pool_backfill,partial_survivorship_bias
515920,智能消费ETF博时,ETF,2021-01-20,,initial_current_pool_backfill,partial_survivorship_bias
516160,新能源ETF南方,ETF,2021-02-04,,initial_current_pool_backfill,partial_survivorship_bias
159841,证券ETF天弘,ETF,2021-02-09,,initial_current_pool_backfill,partial_survivorship_bias
159852,软件ETF嘉实,ETF,2021-02-09,,initial_current_pool_backfill,partial_survivorship_bias
516800,智能制造ETF华宝,ETF,2021-02-19,,initial_current_pool_backfill,partial_survivorship_bias
517300,沪港深300ETF国寿,ETF,2021-02-24,,initial_current_pool_backfill,partial_survivorship_bias
515910,质量ETF中金,ETF,2021-02-26,,initial_current_pool_backfill,partial_survivorship_bias
516520,智能驾驶ETF华泰柏瑞,ETF,2021-03-01,,initial_current_pool_backfill,partial_survivorship_bias
159869,游戏ETF华夏,ETF,2021-03-05,,initial_current_pool_backfill,partial_survivorship_bias
159865,养殖ETF国泰,ETF,2021-03-08,,initial_current_pool_backfill,partial_survivorship_bias
516120,化工ETF富国,ETF,2021-03-09,,initial_current_pool_backfill,partial_survivorship_bias
516150,稀土ETF嘉实,ETF,2021-03-17,,initial_current_pool_backfill,partial_survivorship_bias
159845,中证1000ETF华夏,ETF,2021-03-31,,initial_current_pool_backfill,partial_survivorship_bias
516510,云计算ETF易方达,ETF,2021-04-07,,initial_current_pool_backfill,partial_survivorship_bias
159886,机械ETF富国,ETF,2021-04-28,,initial_current_pool_backfill,partial_survivorship_bias
159836,创业板300ETF天弘,ETF,2021-05-25,,initial_current_pool_backfill,partial_survivorship_bias
516310,银行ETF易方达,ETF,2021-05-28,,initial_current_pool_backfill,partial_survivorship_bias
516910,物流ETF富国,ETF,2021-06-11,,initial_current_pool_backfill,partial_survivorship_bias
513360,教育ETF博时,ETF,2021-06-17,,initial_current_pool_backfill,partial_survivorship_bias
516570,化工行业ETF,ETF,2021-06-18,,initial_current_pool_backfill,partial_survivorship_bias
159755,电池ETF广发,ETF,2021-06-24,,initial_current_pool_backfill,partial_survivorship_bias
516980,证券先锋ETF华富,ETF,2021-06-24,,initial_current_pool_backfill,partial_survivorship_bias
561500,漂亮50ETF华泰柏瑞,ETF,2021-06-28,,initial_current_pool_backfill,partial_survivorship_bias
159872,智能网联汽车ETF鹏华,ETF,2021-07-01,,initial_current_pool_backfill,partial_survivorship_bias
510990,180ESGETF工银,ETF,2021-07-01,,initial_current_pool_backfill,partial_survivorship_bias
159725,线上消费ETF工银,ETF,2021-07-02,,initial_current_pool_backfill,partial_survivorship_bias
159781,科创创业ETF易方达,ETF,2021-07-05,,initial_current_pool_backfill,partial_survivorship_bias
159859,生物医药ETF天弘,ETF,2021-07-07,,initial_current_pool_backfill,partial_survivorship_bias
159766,旅游ETF富国,ETF,2021-07-23,,initial_current_pool_backfill,partial_survivorship_bias
516100,金融科技ETF华夏,ETF,2021-07-23,,initial_current_pool_backfill,partial_survivorship_bias
516260,物联网ETF华夏,ETF,2021-08-02,,initial_current_pool_backfill,partial_survivorship_bias
159790,碳中和ETF华夏,ETF,2021-08-06,,initial_current_pool_backfill,partial_survivorship_bias
517010,沪港深500ETF易方达,ETF,2021-08-12,,initial_current_pool_backfill,partial_survivorship_bias
516720,ESGETF浦银,ETF,2021-08-13,,initial_current_pool_backfill,partial_survivorship_bias
159732,消费电子ETF华夏,ETF,2021-08-23,,initial_current_pool_backfill,partial_survivorship_bias
516560,养老ETF华宝,ETF,2021-09-16,,initial_current_pool_backfill,partial_survivorship_bias
159792,港股通互联网ETF富国,ETF,2021-09-28,,initial_current_pool_backfill,partial_survivorship_bias
561130,国货ETF富国,ETF,2021-10-18,,initial_current_pool_backfill,partial_survivorship_bias
516750,建材ETF富国,ETF,2021-11-05,,initial_current_pool_backfill,partial_survivorship_bias
563000,中国A50ETF易方达,ETF,2021-11-08,,initial_current_pool_backfill,partial_survivorship_bias
159607,中概互联网ETF嘉实,ETF,2021-12-02,,initial_current_pool_backfill,partial_survivorship_bias
159611,电力ETF广发,ETF,2022-01-07,,initial_current_pool_backfill,partial_survivorship_bias
560800,数字经济ETF鹏华,ETF,2022-01-07,,initial_current_pool_backfill,partial_survivorship_bias
562910,高端制造ETF易方达,ETF,2022-01-10,,initial_current_pool_backfill,partial_survivorship_bias
159743,湖北ETF博时,ETF,2022-01-11,,initial_current_pool_backfill,partial_survivorship_bias
159778,工业互联网ETF鹏华,ETF,2022-02-17,,initial_current_pool_backfill,partial_survivorship_bias
513070,港股通消费ETF易方达,ETF,2022-03-24,,initial_current_pool_backfill,partial_survivorship_bias
159635,基建ETF华夏,ETF,2022-07-12,,initial_current_pool_backfill,partial_survivorship_bias
513120,港股创新药ETF广发,ETF,2022-07-12,,initial_current_pool_backfill,partial_survivorship_bias
513290,纳指生物科技ETF汇添富,ETF,2022-08-29,,initial_current_pool_backfill,partial_survivorship_bias
159623,成渝经济圈ETF博时,ETF,2022-09-09,,initial_current_pool_backfill,partial_survivorship_bias
560080,中药ETF汇添富,ETF,2022-10-17,,initial_current_pool_backfill,partial_survivorship_bias
511520,政金债ETF富国,ETF,2022-10-25,,initial_current_pool_backfill,partial_survivorship_bias
159667,工业母机ETF国泰,ETF,2022-10-26,,initial_current_pool_backfill,partial_survivorship_bias
588010,科创新材料ETF博时,ETF,2022-10-26,,initial_current_pool_backfill,partial_survivorship_bias
588200,科创芯片ETF嘉实,ETF,2022-10-26,,initial_current_pool_backfill,partial_survivorship_bias
560980,光伏龙头ETF广发,ETF,2022-11-29,,initial_current_pool_backfill,partial_survivorship_bias
513310,中韩半导体ETF华泰柏瑞,ETF,2022-12-22,,initial_current_pool_backfill,partial_survivorship_bias
159687,亚太精选ETF南方,ETF,2022-12-30,,initial_current_pool_backfill,partial_survivorship_bias
159682,创业板50ETF景顺,ETF,2023-01-03,,initial_current_pool_backfill,partial_survivorship_bias
513650,标普500ETF南方,ETF,2023-04-04,,initial_current_pool_backfill,partial_survivorship_bias
501225,全球芯片LOF,LOF,2023-04-14,,initial_current_pool_backfill,partial_survivorship_bias
159686,A100ETF易方达,ETF,2023-07-19,,initial_current_pool_backfill,partial_survivorship_bias
159516,半导体设备ETF国泰,ETF,2023-07-27,,initial_current_pool_backfill,partial_survivorship_bias
159519,港股国企ETF国泰,ETF,2023-08-31,,initial_current_pool_backfill,partial_survivorship_bias
563300,中证2000ETF华泰柏瑞,ETF,2023-09-14,,initial_current_pool_backfill,partial_survivorship_bias
588220,科创100ETF鹏华,ETF,2023-09-15,,initial_current_pool_backfill,partial_survivorship_bias
159538,信创ETF富国,ETF,2023-09-22,,initial_current_pool_backfill,partial_survivorship_bias
563330,A股ETF华泰柏瑞,ETF,2023-11-07,,initial_current_pool_backfill,partial_survivorship_bias
513750,港股通非银ETF广发,ETF,2023-11-27,,initial_current_pool_backfill,partial_survivorship_bias
513350,标普油气ETF富国,ETF,2023-11-28,,initial_current_pool_backfill,partial_survivorship_bias
510980,上证指数ETF汇添富,ETF,2023-12-01,,initial_current_pool_backfill,partial_survivorship_bias
513630,港股低波红利ETF摩根,ETF,2023-12-08,,initial_current_pool_backfill,partial_survivorship_bias
159350,深证50ETF富国,ETF,2023-12-11,,initial_current_pool_backfill,partial_survivorship_bias
562600,医疗器械ETF华夏,ETF,2023-12-11,,initial_current_pool_backfill,partial_survivorship_bias
563020,红利低波ETF易方达,ETF,2023-12-14,,initial_current_pool_backfill,partial_survivorship_bias
159572,创业板200ETF易方达,ETF,2023-12-25,,initial_current_pool_backfill,partial_survivorship_bias
159502,标普生物科技ETF嘉实,ETF,2024-01-10,,initial_current_pool_backfill,partial_survivorship_bias
159530,机器人ETF易方达,ETF,2024-01-18,,initial_current_pool_backfill,partial_survivorship_bias
159562,黄金股ETF华夏,ETF,2024-01-22,,initial_current_pool_backfill,partial_survivorship_bias
159529,标普消费ETF景顺,ETF,2024-02-02,,initial_current_pool_backfill,partial_survivorship_bias
513400,道琼斯ETF鹏华,ETF,2024-02-02,,initial_current_pool_backfill,partial_survivorship_bias
159563,创业板综ETF华夏,ETF,2024-02-23,,initial_current_pool_backfill,partial_survivorship_bias
159577,美国50ETF汇添富,ETF,2024-02-23,,initial_current_pool_backfill,partial_survivorship_bias
159565,汽车零部件ETF易方达,ETF,2024-02-26,,initial_current_pool_backfill,partial_survivorship_bias
159595,中证A50ETF大成,ETF,2024-03-18,,initial_current_pool_backfill,partial_survivorship_bias
511130,30年国债ETF博时,ETF,2024-03-28,,initial_current_pool_backfill,partial_survivorship_bias
561760,油气ETF博时,ETF,2024-04-29,,initial_current_pool_backfill,partial_survivorship_bias
159561,德国ETF嘉实,ETF,2024-04-30,,initial_current_pool_backfill,partial_survivorship_bias
510950,上证50ETF广发,ETF,2024-05-10,,initial_current_pool_backfill,partial_survivorship_bias
159578,深证主板50ETF南方,ETF,2024-06-07,,initial_current_pool_backfill,partial_survivorship_bias
159329,沙特ETF南方,ETF,2024-07-16,,initial_current_pool_backfill,partial_survivorship_bias
159338,中证A500ETF国泰,ETF,2024-10-15,,initial_current_pool_backfill,partial_survivorship_bias
159363,创业板人工智能ETF华宝,ETF,2024-12-16,,initial_current_pool_backfill,partial_survivorship_bias
561380,电网设备ETF国泰,ETF,2024-12-23,,initial_current_pool_backfill,partial_survivorship_bias
588230,科创200ETF华泰柏瑞,ETF,2024-12-24,,initial_current_pool_backfill,partial_survivorship_bias
530180,上证180ETF易方达,ETF,2024-12-26,,initial_current_pool_backfill,partial_survivorship_bias
159323,港股通汽车ETF华夏,ETF,2025-01-08,,initial_current_pool_backfill,partial_survivorship_bias
563210,专精特新ETF富国,ETF,2025-01-24,,initial_current_pool_backfill,partial_survivorship_bias
159397,信用债ETF广发,ETF,2025-02-07,,initial_current_pool_backfill,partial_survivorship_bias
511200,信用债ETF华夏,ETF,2025-02-07,,initial_current_pool_backfill,partial_survivorship_bias
159201,自由现金流ETF华夏,ETF,2025-02-27,,initial_current_pool_backfill,partial_survivorship_bias
589680,科创综指ETF鹏华,ETF,2025-03-05,,initial_current_pool_backfill,partial_survivorship_bias
588850,科创机械ETF嘉实,ETF,2025-04-24,,initial_current_pool_backfill,partial_survivorship_bias
159227,航空航天ETF华夏,ETF,2025-05-16,,initial_current_pool_backfill,partial_survivorship_bias
159389,数字经济ETF嘉实,ETF,2025-05-30,,initial_current_pool_backfill,partial_survivorship_bias
159550,互联网ETF东财,ETF,2025-06-27,,initial_current_pool_backfill,partial_survivorship_bias
551550,科创债ETF华夏,ETF,2025-07-17,,initial_current_pool_backfill,partial_survivorship_bias
563230,卫星ETF富国,ETF,2025-09-17,,initial_current_pool_backfill,partial_survivorship_bias
530380,上证380ETF易方达,ETF,2025-09-30,,initial_current_pool_backfill,partial_survivorship_bias
530100,上证580ETF易方达,ETF,2025-10-22,,initial_current_pool_backfill,partial_survivorship_bias
520870,巴西ETF易方达,ETF,2025-11-13,,initial_current_pool_backfill,partial_survivorship_bias
517950,沪深港科技50ETF交银,ETF,2025-12-18,,initial_current_pool_backfill,partial_survivorship_bias
563960,300质量ETF兴全,ETF,2026-01-08,,initial_current_pool_backfill,partial_survivorship_bias
560710,船舶ETF富国,ETF,2026-02-06,,initial_current_pool_backfill,partial_survivorship_bias
515970,工程机械ETF华夏,ETF,2026-02-12,,initial_current_pool_backfill,partial_survivorship_bias
159197,石油ETF招商,ETF,2026-04-02,,initial_current_pool_backfill,partial_survivorship_bias
